-- phpMyAdmin SQL Dump
-- version 5.0.4
-- https://www.phpmyadmin.net/
--
-- Host: 127.0.0.1
-- Tempo de geração: 15/07/2021 às 02:05
-- Versão do servidor: 10.4.17-MariaDB
-- Versão do PHP: 8.0.2

SET SQL_MODE = "NO_AUTO_VALUE_ON_ZERO";
START TRANSACTION;
SET time_zone = "+00:00";


/*!40101 SET @OLD_CHARACTER_SET_CLIENT=@@CHARACTER_SET_CLIENT */;
/*!40101 SET @OLD_CHARACTER_SET_RESULTS=@@CHARACTER_SET_RESULTS */;
/*!40101 SET @OLD_COLLATION_CONNECTION=@@COLLATION_CONNECTION */;
/*!40101 SET NAMES utf8mb4 */;

--
-- Banco de dados: `rh`
--

-- --------------------------------------------------------

--
-- Estrutura para tabela `departamento`
--

CREATE TABLE `departamento` (
  `ID_DEPARTAMENTO` int(11) NOT NULL,
  `NOME_DEPARTAMENTO` varchar(30) DEFAULT NULL,
  `ID_GERENTE` int(11) DEFAULT NULL,
  `ID_LOCALIZACAO` int(11) DEFAULT NULL
) ENGINE=InnoDB DEFAULT CHARSET=utf8mb4;

--
-- Despejando dados para a tabela `departamento`
--

INSERT INTO `departamento` (`ID_DEPARTAMENTO`, `NOME_DEPARTAMENTO`, `ID_GERENTE`, `ID_LOCALIZACAO`) VALUES
(10, 'Administracao', 200, 1700),
(20, 'Marketing', 201, 1800),
(30, 'Compras', 114, 1700),
(40, 'Recursos Humanos', 203, 2400),
(50, 'Entrega', 121, 1500),
(60, 'TI', 103, 1400),
(70, 'Relacoes Publicas', 204, 2700),
(90, 'Executivo', 100, 1700),
(100, 'Financeiro', 108, 1700),
(110, 'Contabilidade', 205, 1700),
(120, 'Tesouro', NULL, 1700),
(130, 'Taxa Corporativa', NULL, 1700),
(140, 'Controle e Credito', NULL, 1700),
(150, 'Servicos para Acionistas', NULL, 1700),
(160, 'Benficios', NULL, 1700),
(170, 'Manufatura', NULL, 1700),
(180, 'Construcao', NULL, 1700),
(190, 'Contratos', NULL, 1700),
(200, 'Operacoes', NULL, 1700),
(210, 'Suporte de TI', NULL, 1700),
(220, 'NOC', NULL, 1700),
(230, 'Helpdesk de TI', NULL, 1700),
(240, 'Vendas para Governo', NULL, 1700),
(250, 'Vendas no Varejo', NULL, 1700),
(260, 'Recrutamento', NULL, 1700),
(270, 'Folha de Pagamento', NULL, 1700),
(280, 'Inovação', NULL, NULL);

-- --------------------------------------------------------

--
-- Estrutura para tabela `funcao`
--

CREATE TABLE `funcao` (
  `ID_FUNCAO` varchar(10) NOT NULL,
  `TITULO_FUNCAO` varchar(35) DEFAULT NULL,
  `SALARIO_MINIMO` float(22,2) DEFAULT NULL,
  `SALARIO_MAXIMO` float(22,2) DEFAULT NULL
) ENGINE=InnoDB DEFAULT CHARSET=utf8mb4;

--
-- Despejando dados para a tabela `funcao`
--

INSERT INTO `funcao` (`ID_FUNCAO`, `TITULO_FUNCAO`, `SALARIO_MINIMO`, `SALARIO_MAXIMO`) VALUES
('AC_ACCOUNT', 'Contador Publico', 4200.00, 9000.00),
('AC_MGR', 'Gerente Contabil', 8200.00, 16000.00),
('AD_ASST', 'Assistente Administrativo', 3000.00, 6000.00),
('AD_PRES', 'Presidente', 20080.00, 40000.00),
('AD_VP', 'Vice Presidente Administrativo', 15000.00, 30000.00),
('AI_ESP', 'Especialista em IA', 5500.00, 8500.00),
('FI_ACCOUNT', 'Contador', 4200.00, 9000.00),
('FI_MGR', 'Gerente Financeiro', 8200.00, 16000.00),
('HR_REP', 'Representante de Recursos HUmanos', 4000.00, 9000.00),
('IT_PROG', 'Programador', 4000.00, 10000.00),
('MK_MAN', 'Gerente de Marketing', 9000.00, 15000.00),
('MK_REP', 'Representante de Marketing', 4000.00, 9000.00),
('PR_REP', 'Representante de Relacoes Publicas', 4500.00, 10500.00),
('PU_CLERK', 'Balconista de Compras', 2500.00, 5500.00),
('PU_MAN', 'Gerente de Compras', 8000.00, 15000.00),
('SA_MAN', 'Gerente de Vendas', 10000.00, 20080.00),
('SA_REP', 'Representante de Vendas', 6000.00, 12008.00),
('SH_CLERK', 'Balconista de Entrega', 2500.00, 5500.00),
('ST_CLERK', 'Balconista de Estoque', 2008.00, 5000.00),
('ST_MAN', 'Gerente de Estoque', 5500.00, 8500.00);

-- --------------------------------------------------------

--
-- Estrutura para tabela `funcionario`
--

CREATE TABLE `funcionario` (
  `ID_FUNCIONARIO` int(11) NOT NULL,
  `NOME` varchar(20) DEFAULT NULL,
  `SOBRENOME` varchar(25) DEFAULT NULL,
  `EMAIL` varchar(25) DEFAULT NULL,
  `TELEFONE` varchar(20) DEFAULT NULL,
  `DATA_CONTRATACAO` date DEFAULT NULL,
  `ID_FUNCAO` varchar(10) DEFAULT NULL,
  `SALARIO` float(22,2) DEFAULT NULL,
  `COMISSAO` int(11) DEFAULT NULL,
  `ID_GERENTE` int(11) DEFAULT NULL,
  `ID_DEPARTAMENTO` int(11) DEFAULT NULL
) ENGINE=InnoDB DEFAULT CHARSET=utf8mb4;

--
-- Despejando dados para a tabela `funcionario`
--

INSERT INTO `funcionario` (`ID_FUNCIONARIO`, `NOME`, `SOBRENOME`, `EMAIL`, `TELEFONE`, `DATA_CONTRATACAO`, `ID_FUNCAO`, `SALARIO`, `COMISSAO`, `ID_GERENTE`, `ID_DEPARTAMENTO`) VALUES
(100, 'Steven', 'King', 'SKING', '515.123.4567', '2003-07-03', 'AD_PRES', 24000.00, NULL, NULL, 90),
(101, 'Neena', 'Kochhar', 'NKOCHHAR', '515.123.4568', '2005-09-21', 'AD_VP', 17000.00, NULL, 100, 90),
(102, 'Lex', 'De Haan', 'LDEHAAN', '515.123.4569', '2001-01-13', 'AD_VP', 17000.00, NULL, 100, 90),
(103, 'Alexander', 'Hunold', 'AHUNOLD', '590.423.4567', '2006-01-03', 'IT_PROG', 9000.00, NULL, 102, 60),
(104, 'Bruce', 'Ernst', 'BERNST', '590.423.4568', '2007-05-21', 'IT_PROG', 6000.00, NULL, 103, 60),
(105, 'David', 'Austin', 'DAUSTIN', '590.423.4569', '2005-06-25', 'IT_PROG', 4800.00, NULL, 103, 60),
(106, 'Valli', 'Pataballa', 'VPATABAL', '590.423.4560', '2006-02-05', 'IT_PROG', 4800.00, NULL, 103, 60),
(107, 'Diana', 'Lorentz', 'DLORENTZ', '590.423.5567', '2007-02-07', 'IT_PROG', 4200.00, NULL, 103, 60),
(108, 'Nancy', 'Greenberg', 'NGREENBE', '515.124.4569', '2002-08-17', 'FI_MGR', 12008.00, NULL, 101, 100),
(109, 'Daniel', 'Faviet', 'DFAVIET', '515.124.4169', '2002-08-16', 'FI_ACCOUNT', 9000.00, NULL, 108, 100),
(110, 'John', 'Chen', 'JCHEN', '515.124.4269', '2005-09-28', 'FI_ACCOUNT', 8200.00, NULL, 108, 100),
(111, 'Ismael', 'Sciarra', 'ISCIARRA', '515.124.4369', '2005-09-30', 'FI_ACCOUNT', 7700.00, NULL, 108, 100),
(112, 'Jose Manuel', 'Urman', 'JMURMAN', '515.124.4469', '2006-03-07', 'FI_ACCOUNT', 7800.00, NULL, 108, 100),
(113, 'Luis', 'Popp', 'LPOPP', '515.124.4567', '2007-12-07', 'FI_ACCOUNT', 6900.00, NULL, 108, 100),
(114, 'Den', 'Raphaely', 'DRAPHEAL', '515.127.4561', '2002-12-07', 'PU_MAN', 11000.00, NULL, 100, 30),
(115, 'Alexander', 'Khoo', 'AKHOO', '515.127.4562', '2003-05-18', 'PU_CLERK', 3100.00, NULL, 114, 30),
(116, 'Shelli', 'Baida', 'SBAIDA', '515.127.4563', '2005-12-24', 'PU_CLERK', 2900.00, NULL, 114, 30),
(117, 'Sigal', 'Tobias', 'STOBIAS', '515.127.4564', '2005-07-24', 'PU_CLERK', 2800.00, NULL, 114, 30),
(118, 'Guy', 'Himuro', 'GHIMURO', '515.127.4565', '2006-11-15', 'PU_CLERK', 2600.00, NULL, 114, 30),
(119, 'Karen', 'Colmenares', 'KCOLMENA', '515.127.4566', '2007-08-10', 'PU_CLERK', 2500.00, NULL, 114, 30),
(120, 'Matthew', 'Weiss', 'MWEISS', '650.123.1234', '2004-07-18', 'ST_MAN', 8000.00, NULL, 100, 50),
(121, 'Adam', 'Fripp', 'AFRIPP', '650.123.2234', '2005-04-10', 'ST_MAN', 8200.00, NULL, 100, 50),
(122, 'Payam', 'Kaufling', 'PKAUFLIN', '650.123.3234', '2003-05-01', 'ST_MAN', 7900.00, NULL, 100, 50),
(123, 'Shanta', 'Vollman', 'SVOLLMAN', '650.123.4234', '2005-10-10', 'ST_MAN', 6500.00, NULL, 100, 50),
(124, 'Kevin', 'Mourgos', 'KMOURGOS', '650.123.5234', '2007-11-16', 'ST_MAN', 5800.00, NULL, 100, 50),
(125, 'Julia', 'Nayer', 'JNAYER', '650.124.1214', '2005-07-16', 'ST_CLERK', 3200.00, NULL, 120, 50),
(126, 'Irene', 'Mikkilineni', 'IMIKKILI', '650.124.1224', '2006-09-28', 'ST_CLERK', 2700.00, NULL, 120, 50),
(127, 'James', 'Landry', 'JLANDRY', '650.124.1334', '2007-01-14', 'ST_CLERK', 2400.00, NULL, 120, 50),
(128, 'Steven', 'Markle', 'SMARKLE', '650.124.1434', '2008-03-08', 'ST_CLERK', 2200.00, NULL, 120, 50),
(129, 'Laura', 'Bissot', 'LBISSOT', '650.124.5234', '2005-08-20', 'ST_CLERK', 3300.00, NULL, 121, 50),
(130, 'Mozhe', 'Atkinson', 'MATKINSO', '650.124.6234', '2005-10-30', 'ST_CLERK', 2800.00, NULL, 121, 50),
(131, 'James', 'Marlow', 'JAMRLOW', '650.124.7234', '2005-02-16', 'ST_CLERK', 2500.00, NULL, 121, 50),
(132, 'TJ', 'Olson', 'TJOLSON', '650.124.8234', '2007-04-10', 'ST_CLERK', 2100.00, NULL, 121, 50),
(133, 'Jason', 'Mallin', 'JMALLIN', '650.127.1934', '2004-06-14', 'ST_CLERK', 3300.00, NULL, 122, 50),
(134, 'Michael', 'Rogers', 'MROGERS', '650.127.1834', '2006-08-26', 'ST_CLERK', 2900.00, NULL, 122, 50),
(136, 'Hazel', 'Philtanker', 'HPHILTAN', '650.127.1634', '2008-02-06', 'ST_CLERK', 2200.00, NULL, 122, 50),
(137, 'Renske', 'Ladwig', 'RLADWIG', '650.121.1234', '2003-07-14', 'ST_CLERK', 3600.00, NULL, 123, 50),
(138, 'Stephen', 'Stiles', 'SSTILES', '650.121.2034', '2005-10-26', 'ST_CLERK', 3200.00, NULL, 123, 50),
(139, 'John', 'Seo', 'JSEO', '650.121.2019', '2006-02-12', 'ST_CLERK', 2700.00, NULL, 123, 50),
(140, 'Joshua', 'Patel', 'JPATEL', '650.121.1834', '2006-04-06', 'ST_CLERK', 2500.00, NULL, 123, 50),
(141, 'Trenna', 'Rajs', 'TRAJS', '650.121.8009', '2003-10-17', 'ST_CLERK', 3500.00, NULL, 124, 50),
(142, 'Curtis', 'Davies', 'CDAVIES', '650.121.2994', '2005-01-29', 'ST_CLERK', 3100.00, NULL, 124, 50),
(143, 'Randall', 'Matos', 'RMATOS', '650.121.2874', '2006-03-15', 'ST_CLERK', 2600.00, NULL, 124, 50),
(144, 'Peter', 'Vargas', 'PVARGAS', '650.121.2004', '2006-07-09', 'ST_CLERK', 2500.00, NULL, 124, 50),
(180, 'Winston', 'Taylor', 'WTAYLOR', '650.507.9876', '2006-01-24', 'SH_CLERK', 3200.00, NULL, 120, 50),
(181, 'Jean', 'Fleaur', 'JFLEAUR', '650.507.9877', '2006-02-23', 'SH_CLERK', 3100.00, NULL, 120, 50),
(182, 'Martha', 'Sullivan', 'MSULLIVA', '650.507.9878', '2007-06-21', 'SH_CLERK', 2500.00, NULL, 120, 50),
(183, 'Girard', 'Geoni', 'GGEONI', '650.507.9879', '2008-02-03', 'SH_CLERK', 2800.00, NULL, 120, 50),
(184, 'Nandita', 'Sarchand', 'NSARCHAN', '650.509.1876', '2004-01-27', 'SH_CLERK', 4200.00, NULL, 121, 50),
(185, 'Alexis', 'Bull', 'ABULL', '650.509.2876', '2005-02-20', 'SH_CLERK', 4100.00, NULL, 121, 50),
(186, 'Julia', 'Dellinger', 'JDELLING', '650.509.3876', '2006-06-24', 'SH_CLERK', 3400.00, NULL, 121, 50),
(187, 'Anthony', 'Cabrio', 'ACABRIO', '650.509.4876', '2007-02-07', 'SH_CLERK', 3000.00, NULL, 121, 50),
(188, 'Kelly', 'Chung', 'KCHUNG', '650.505.1876', '2005-06-14', 'SH_CLERK', 3800.00, NULL, 122, 50),
(189, 'Jennifer', 'Dilly', 'JDILLY', '650.505.2876', '2005-08-13', 'SH_CLERK', 3600.00, NULL, 122, 50),
(190, 'Timothy', 'Gates', 'TGATES', '650.505.3876', '2006-07-11', 'SH_CLERK', 2900.00, NULL, 122, 50),
(191, 'Randall', 'Perkins', 'RPERKINS', '650.505.4876', '2007-12-19', 'SH_CLERK', 2500.00, NULL, 122, 50),
(192, 'Sarah', 'Bell', 'SBELL', '650.501.1876', '2004-02-04', 'SH_CLERK', 4000.00, NULL, 123, 50),
(193, 'Britney', 'Everett', 'BEVERETT', '650.501.2876', '2005-03-03', 'SH_CLERK', 3900.00, NULL, 123, 50),
(194, 'Samuel', 'McCain', 'SMCCAIN', '650.501.3876', '2006-07-01', 'SH_CLERK', 3200.00, NULL, 123, 50),
(195, 'Vance', 'Jones', 'VJONES', '650.501.4876', '2007-03-17', 'SH_CLERK', 2800.00, NULL, 123, 50),
(196, 'Alana', 'Walsh', 'AWALSH', '650.507.9811', '2006-04-24', 'SH_CLERK', 3100.00, NULL, 124, 50),
(197, 'Kevin', 'Feeney', 'KFEENEY', '650.507.9822', '2006-05-23', 'SH_CLERK', 3000.00, NULL, 124, 50),
(198, 'Donald', 'OConnell', 'DOCONNEL', '650.507.9833', '2007-06-21', 'SH_CLERK', 2600.00, NULL, 124, 50),
(199, 'Douglas', 'Grant', 'DGRANT', '650.507.9844', '2008-01-13', 'SH_CLERK', 2600.00, NULL, 124, 50),
(200, 'Jennifer', 'Whalen', 'JWHALEN', '515.123.4444', '2003-09-17', 'AD_ASST', 4400.00, NULL, 101, 10),
(201, 'Michael', 'Hartstein', 'MHARTSTE', '515.123.5555', '2004-02-17', 'MK_MAN', 13000.00, NULL, 100, 20),
(203, 'Susan', 'Mavris', 'SMAVRIS', '515.123.7777', '2002-06-07', 'HR_REP', 6500.00, NULL, 101, 40),
(204, 'Hermann', 'Baer', 'HBAER', '515.123.8888', '2002-06-07', 'PR_REP', 10000.00, NULL, 101, 70),
(205, 'Shelley', 'Higgins', 'SHIGGINS', '515.123.8080', '2002-06-07', 'AC_MGR', 12008.00, NULL, 101, 110),
(206, 'William', 'Gietz', 'WGIETZ', '515.123.8181', '2002-06-07', 'AC_ACCOUNT', 8300.00, NULL, 205, 110),
(207, 'Renata', 'Moraes', 'RMORAES', '333.123.8181', '2002-06-07', NULL, 8300.00, NULL, NULL, NULL);

-- --------------------------------------------------------

--
-- Estrutura para tabela `historico_funcoes`
--

CREATE TABLE `historico_funcoes` (
  `ID_FUNCIONARIO` int(11) NOT NULL,
  `DATA_INICIAL` date NOT NULL,
  `DATA_FINAL` date DEFAULT NULL,
  `ID_FUNCAO` varchar(10) DEFAULT NULL,
  `ID_DEPARTAMENTO` int(11) DEFAULT NULL
) ENGINE=InnoDB DEFAULT CHARSET=utf8mb4;

--
-- Despejando dados para a tabela `historico_funcoes`
--

INSERT INTO `historico_funcoes` (`ID_FUNCIONARIO`, `DATA_INICIAL`, `DATA_FINAL`, `ID_FUNCAO`, `ID_DEPARTAMENTO`) VALUES
(101, '1997-09-21', '2001-10-27', 'AC_ACCOUNT', 110),
(101, '2001-10-28', '2005-03-15', 'AC_MGR', 110),
(102, '2001-01-13', '2006-07-24', 'IT_PROG', 60),
(114, '2006-03-24', '2007-12-31', 'ST_CLERK', 50),
(122, '2007-01-01', '2007-12-31', 'ST_CLERK', 50),
(200, '1995-09-17', '2001-06-17', 'AD_ASST', 90),
(201, '2004-02-17', '2007-12-19', 'MK_REP', 20);

-- --------------------------------------------------------

--
-- Estrutura para tabela `localizacao`
--

CREATE TABLE `localizacao` (
  `ID_LOCALIZACAO` int(11) NOT NULL,
  `ENDERECO` varchar(40) DEFAULT NULL,
  `CEP` varchar(12) DEFAULT NULL,
  `CIDADE` varchar(30) DEFAULT NULL,
  `ESTADO` varchar(25) DEFAULT NULL,
  `ID_PAIS` char(2) DEFAULT NULL
) ENGINE=InnoDB DEFAULT CHARSET=utf8mb4;

--
-- Despejando dados para a tabela `localizacao`
--

INSERT INTO `localizacao` (`ID_LOCALIZACAO`, `ENDERECO`, `CEP`, `CIDADE`, `ESTADO`, `ID_PAIS`) VALUES
(1000, '1297 Via Cola di Rie', '00989', 'Roma', NULL, 'IT'),
(1100, '93091 Calle della Testa', '10934', 'Venice', NULL, 'IT'),
(1200, '2017 Shinjuku-ku', '1689', 'Tokyo', 'Tokyo Prefecture', 'JP'),
(1300, '9450 Kamiya-cho', '6823', 'Hiroshima', NULL, 'JP'),
(1400, '2014 Jabberwocky Rd', '26192', 'Southlake', 'Texas', 'US'),
(1500, '2011 Interiors Blvd', '99236', 'South San Francisco', 'California', 'US'),
(1600, '2007 Zagora St', '50090', 'South Brunswick', 'New Jersey', 'US'),
(1700, '2004 Charade Rd', '98199', 'Seattle', 'Washington', 'US'),
(1800, '147 Spadina Ave', 'M5V 2L7', 'Toronto', 'Ontario', 'CA'),
(1900, '6092 Boxwood St', 'YSW 9T2', 'Whitehorse', 'Yukon', 'CA'),
(2000, '40-5-12 Laogianggen', '190518', 'Beijing', NULL, 'CN'),
(2100, '1298 Vileparle (E)', '490231', 'Bombay', 'Maharashtra', 'IN'),
(2200, '12-98 Victoria Street', '2901', 'Sydney', 'New South Wales', 'AU'),
(2300, '198 Clementi North', '540198', 'Singapore', NULL, 'SG'),
(2400, '8204 Arthur St', NULL, 'London', NULL, 'UK'),
(2600, '9702 Chester Road', '09629850293', 'Stretford', 'Manchester', 'UK'),
(2700, 'Schwanthalerstr. 7031', '80925', 'Munich', 'Bavaria', 'DE'),
(2800, 'Rua Frei Caneca 1360 ', '01307-002', 'Sao Paulo', 'Sao Paulo', 'BR'),
(2900, '20 Rue des Corps-Saints', '1730', 'Geneva', 'Geneve', 'CH'),
(3000, 'Murtenstrasse 921', '3095', 'Bern', 'BE', 'CH'),
(3100, 'Pieter Breughelstraat 837', '3029SK', 'Utrecht', 'Utrecht', 'NL');

-- --------------------------------------------------------

--
-- Estrutura para tabela `pais`
--

CREATE TABLE `pais` (
  `ID_PAIS` char(2) NOT NULL,
  `NOME_PAIS` varchar(40) DEFAULT NULL,
  `ID_REGIAO` int(11) DEFAULT NULL
) ENGINE=InnoDB DEFAULT CHARSET=utf8mb4;

--
-- Despejando dados para a tabela `pais`
--

INSERT INTO `pais` (`ID_PAIS`, `NOME_PAIS`, `ID_REGIAO`) VALUES
('AR', 'Argentina', 2),
('AU', 'Australia', 3),
('BE', 'Belgica', 1),
('BR', 'Brasil', 2),
('CA', 'Canada', 2),
('CH', 'Suica', 1),
('CN', 'China', 3),
('DE', 'Alemanha', 1),
('DK', 'Dinamarca', 1),
('EG', 'Egito', 4),
('FR', 'Franca', 1),
('IL', 'Israel', 4),
('IN', 'India', 3),
('IT', 'Italia', 1),
('JP', 'Japao', 3),
('KW', 'Kuwait', 4),
('ML', 'Malasia', 3),
('MX', 'Mexico', 2),
('NG', 'Nigeria', 4),
('NL', 'Holanda', 1),
('SG', 'Singapura', 3),
('UK', 'Reino Unido', 1),
('US', 'Estados Unidos', 2),
('ZM', 'Zambia', 4),
('ZW', 'Zimbabwe', 4);

-- --------------------------------------------------------

--
-- Estrutura para tabela `regiao`
--

CREATE TABLE `regiao` (
  `ID_REGIAO` int(11) NOT NULL,
  `NOME_REGIAO` varchar(25) DEFAULT NULL
) ENGINE=InnoDB DEFAULT CHARSET=utf8mb4;

--
-- Despejando dados para a tabela `regiao`
--

INSERT INTO `regiao` (`ID_REGIAO`, `NOME_REGIAO`) VALUES
(1, 'Europa'),
(2, 'Americas'),
(3, 'Asia'),
(4, 'Oriente Medio and Africa');

--
-- Índices para tabelas despejadas
--

--
-- Índices de tabela `departamento`
--
ALTER TABLE `departamento`
  ADD PRIMARY KEY (`ID_DEPARTAMENTO`),
  ADD KEY `ID_LOCALIZACAO` (`ID_LOCALIZACAO`),
  ADD KEY `ID_GERENTE` (`ID_GERENTE`);

--
-- Índices de tabela `funcao`
--
ALTER TABLE `funcao`
  ADD PRIMARY KEY (`ID_FUNCAO`);

--
-- Índices de tabela `funcionario`
--
ALTER TABLE `funcionario`
  ADD PRIMARY KEY (`ID_FUNCIONARIO`),
  ADD KEY `ID_GERENTE` (`ID_GERENTE`),
  ADD KEY `ID_DEPARTAMENTO` (`ID_DEPARTAMENTO`),
  ADD KEY `ID_FUNCAO` (`ID_FUNCAO`);

--
-- Índices de tabela `historico_funcoes`
--
ALTER TABLE `historico_funcoes`
  ADD PRIMARY KEY (`ID_FUNCIONARIO`,`DATA_INICIAL`),
  ADD KEY `ID_FUNCAO` (`ID_FUNCAO`),
  ADD KEY `ID_DEPARTAMENTO` (`ID_DEPARTAMENTO`);

--
-- Índices de tabela `localizacao`
--
ALTER TABLE `localizacao`
  ADD PRIMARY KEY (`ID_LOCALIZACAO`),
  ADD KEY `ID_PAIS` (`ID_PAIS`);

--
-- Índices de tabela `pais`
--
ALTER TABLE `pais`
  ADD PRIMARY KEY (`ID_PAIS`),
  ADD KEY `ID_REGIAO` (`ID_REGIAO`);

--
-- Índices de tabela `regiao`
--
ALTER TABLE `regiao`
  ADD PRIMARY KEY (`ID_REGIAO`);

--
-- Restrições para tabelas despejadas
--

--
-- Restrições para tabelas `departamento`
--
ALTER TABLE `departamento`
  ADD CONSTRAINT `departamento_ibfk_1` FOREIGN KEY (`ID_LOCALIZACAO`) REFERENCES `localizacao` (`ID_LOCALIZACAO`) ON DELETE CASCADE ON UPDATE CASCADE,
  ADD CONSTRAINT `departamento_ibfk_2` FOREIGN KEY (`ID_GERENTE`) REFERENCES `funcionario` (`ID_FUNCIONARIO`) ON DELETE CASCADE ON UPDATE CASCADE;

--
-- Restrições para tabelas `funcionario`
--
ALTER TABLE `funcionario`
  ADD CONSTRAINT `funcionario_ibfk_1` FOREIGN KEY (`ID_GERENTE`) REFERENCES `funcionario` (`ID_FUNCIONARIO`) ON DELETE CASCADE ON UPDATE CASCADE,
  ADD CONSTRAINT `funcionario_ibfk_2` FOREIGN KEY (`ID_DEPARTAMENTO`) REFERENCES `departamento` (`ID_DEPARTAMENTO`) ON DELETE CASCADE ON UPDATE CASCADE,
  ADD CONSTRAINT `funcionario_ibfk_3` FOREIGN KEY (`ID_FUNCAO`) REFERENCES `funcao` (`ID_FUNCAO`) ON DELETE CASCADE ON UPDATE CASCADE;

--
-- Restrições para tabelas `historico_funcoes`
--
ALTER TABLE `historico_funcoes`
  ADD CONSTRAINT `historico_funcoes_ibfk_1` FOREIGN KEY (`ID_FUNCIONARIO`) REFERENCES `funcionario` (`ID_FUNCIONARIO`) ON DELETE CASCADE ON UPDATE CASCADE,
  ADD CONSTRAINT `historico_funcoes_ibfk_2` FOREIGN KEY (`ID_FUNCAO`) REFERENCES `funcao` (`ID_FUNCAO`) ON DELETE CASCADE ON UPDATE CASCADE,
  ADD CONSTRAINT `historico_funcoes_ibfk_3` FOREIGN KEY (`ID_DEPARTAMENTO`) REFERENCES `departamento` (`ID_DEPARTAMENTO`) ON DELETE CASCADE ON UPDATE CASCADE;

--
-- Restrições para tabelas `localizacao`
--
ALTER TABLE `localizacao`
  ADD CONSTRAINT `localizacao_ibfk_1` FOREIGN KEY (`ID_PAIS`) REFERENCES `pais` (`ID_PAIS`) ON DELETE CASCADE ON UPDATE CASCADE;

--
-- Restrições para tabelas `pais`
--
ALTER TABLE `pais`
  ADD CONSTRAINT `pais_ibfk_1` FOREIGN KEY (`ID_REGIAO`) REFERENCES `regiao` (`ID_REGIAO`) ON DELETE CASCADE ON UPDATE CASCADE;
COMMIT;

/*!40101 SET CHARACTER_SET_CLIENT=@OLD_CHARACTER_SET_CLIENT */;
/*!40101 SET CHARACTER_SET_RESULTS=@OLD_CHARACTER_SET_RESULTS */;
/*!40101 SET COLLATION_CONNECTION=@OLD_COLLATION_CONNECTION */;
